Country,12/30/2019,12/31/2019,1/1/2020,1/2/2020,1/3/2020,1/4/2020,1/5/2020,1/6/2020,1/7/2020,1/8/2020,1/9/2020,1/10/2020,1/11/2020,1/12/2020,1/13/2020,1/14/2020,1/15/2020,1/16/2020,1/17/2020,1/18/2020,1/19/2020,1/20/2020,1/21/2020,1/22/2020,1/23/2020,1/24/2020,1/25/2020,1/26/2020,1/27/2020,1/28/2020,1/29/2020,1/30/2020,1/31/2020,2/1/2020,2/2/2020,2/3/2020,2/4/2020,2/5/2020,2/6/2020,2/7/2020,2/8/2020,2/9/2020,2/10/2020,2/11/2020,2/12/2020,2/13/2020,2/14/2020,2/15/2020,2/16/2020,2/17/2020,2/18/2020,2/19/2020,2/20/2020,2/21/2020,2/22/2020,2/23/2020,2/24/2020,2/25/2020,2/26/2020,2/27/2020,2/28/2020,2/29/2020,3/1/2020,3/2/2020,3/3/2020,3/4/2020,3/5/2020,3/6/2020,3/7/2020,3/8/2020,3/9/2020,3/10/2020,3/11/2020,3/12/2020,3/13/2020,3/14/2020,3/15/2020,3/16/2020,3/17/2020,3/18/2020,3/19/2020,3/20/2020,3/21/2020,3/22/2020,3/23/2020,3/24/2020,3/25/2020,3/26/2020,3/27/2020,3/28/2020,3/29/2020,3/30/2020,3/31/2020,4/1/2020,4/2/2020,4/3/2020,4/4/2020,4/5/2020,4/6/2020,4/7/2020,4/8/2020,4/9/2020,4/10/2020,4/11/2020,4/12/2020,4/13/2020,4/14/2020,4/15/2020,4/16/2020,4/17/2020,4/18/2020,4/19/2020,4/20/2020,4/21/2020,4/22/2020,4/23/2020,4/24/2020,4/25/2020,4/26/2020,4/27/2020,4/28/2020,4/29/2020,4/30/2020,5/1/2020,5/2/2020,5/3/2020,5/4/2020,5/5/2020,5/6/2020,5/7/2020,5/8/2020,5/9/2020,5/10/2020,5/11/2020,5/12/2020,5/13/2020,5/14/2020,5/15/2020,5/16/2020,5/17/2020,5/18/2020,5/19/2020,5/20/2020,5/21/2020,5/22/2020,5/23/2020,5/24/2020,5/25/2020,5/26/2020,5/27/2020,5/28/2020,5/29/2020,5/30/2020,5/31/2020,Grand Total
United Arab Emirates,19.2,18.3,18.8,19.7,21.5,29.8,11,7.4,7.4,30.7,31.1,9.6,7.4,6.4,10.1,8.7,11.5,16.5,17.4,19.2,27.9,17,9.2,28.8,12.8,5.5,11.5,6.9,6,7.8,16.5,22.4,20.6,22.9,17,6.9,6.4,14.7,19.2,14.7,19.7,26.6,14.2,8.3,5.5,6.4,7.8,10.6,15.1,28.4,26.1,36.6,25.2,9.6,11,16,23.8,29.3,10.1,6,6,7.4,18.8,18.3,6.4,5.5,6.9,10.1,12.4,14.2,10.6,10.6,17.9,16,13.8,27,27.9,15.1,11.9,19.2,12.4,12.4,11.5,7.8,5.1,4.6,7.4,10.6,7.4,9.6,7.8,4.6,4.6,6,14.2,11.5,9.6,9.6,5.5,8.7,14.7,15.1,7.8,8.3,7.8,8.3,4.6,9.6,5.1,2.8,5.1,8.3,7.8,6.9,5.5,7.8,10.1,9.2,13.8,6.4,4.6,11.5,7.4,6,5.1,8.7,6.4,8.3,14.2,8.3,4.6,5.5,8.7,5.1,3.7,3.7,5.5,5.5,6,6.9,9.2,11.9,11.9,13.8,8.3,6,5.1,3.7,5.5,6.9,7.8,8.7,8.3,,11.81
Argentina,7.4,3.7,4.6,4.6,5.1,5.5,6.9,8.3,8.3,8.7,8.7,11,6.9,4.2,6.4,12.8,6.9,7.8,6.4,6.4,10.6,11.5,7.8,6,,9.6,5.1,3.7,4.6,9.2,6.4,10.1,11.9,10.6,9.6,6.9,7.8,6.9,5.1,4.6,3.7,5.1,5.1,4.2,4.6,7.4,10.1,6.9,6.4,5.1,6.9,6.9,5.1,5.5,5.1,2.8,,,,,5.1,7.4,7.4,6.9,6.4,,5.5,4.6,4.6,8.7,7.4,6.4,8.7,11.5,10.1,6.4,7.8,6.9,6.4,7.4,9.2,6.4,5.1,3.7,3.2,4.2,4.2,3.2,3.7,3.7,4.6,2.3,2.3,3.2,3.2,3.7,3.2,3.7,3.7,6.4,7.8,6,3.7,3.7,4.6,6.9,5.5,8.3,10.1,6.4,3.7,11.9,8.7,5.5,5.5,7.8,8.7,3.7,2.3,,5.5,8.3,11.9,7.4,3.7,8.3,7.4,6,11,10.1,5.1,4.6,7.8,12.4,14.2,14.2,10.6,10.6,9.2,9.2,7.4,10.1,,,7.4,10.1,4.6,11.5,9.2,,,,,,6.83
Austria,17.24,17.06,13.66,19.04,21.42,13.94,10.1,16.96,22.26,18.68,22.18,19.7,14.88,18.52,22.24,18.88,19.98,22.64,20.62,17.06,11.86,17.7,20.6,18.1,19.26,21.72,21.84,15.8,18.1,15.34,15.46,16.8,17,12.76,9.98,12.42,9.1,8.06,14.2,18.9,18.7,14.86,11.94,7.18,10.28,12.66,12.96,12.68,13.02,18.06,11.24,13.3,14.32,12.54,16.86,11.46,10.16,13.5,8.54,8.64,7.82,9.54,10.82,9.92,10.66,11.1,10.2,11.66,8.06,7.88,16.68,10.92,12.18,10.42,9,7.9,4.42,9.74,13.18,9.34,10.3,9.66,4.28,2.24,3.94,5.12,5.16,7.28,7.56,7.1,4.36,4.44,6.34,6.8,9.2,8.48,6.34,4.68,6.22,6.96,7.84,8.96,7.18,5.4,4.4,3.7,4.52,7.58,11.68,8.98,5.44,3.88,5.52,5.34,6.54,6.84,9.06,5.24,3.56,9.36,7.22,7.52,6.02,3.24,3.7,3.3,7.54,7.4,5.84,7.72,10.14,7,4.98,6.36,4.44,7.7,6.18,8,5.7,5.64,8.92,9.74,7.94,4.34,7.42,5.4,3.34,6.34,5.94,6.26,8.72,6.3,5.24,,10.49
Australia,5.12,3.5,3.16,2.7,2.99,3.39,4.01,3.78,3.36,2.97,2.74,3.24,1.58,2.19,3.1,4.63,3.48,4.18,2.81,2.59,2.96,4.03,2.84,4.41,3.69,3.19,2.38,3.03,2.2,3.34,3.21,3.93,4.4,4.17,2.46,2.48,2.28,2.8,3.88,3.61,2.66,1.67,3.31,3.78,2.97,2.76,2.91,2.73,1.89,4.11,4,2.62,3.12,2.63,2.6,2.69,4.17,4.22,3.79,3.18,3.28,2.94,3.1,4,2.13,4.79,5.36,2.63,2.13,2.04,2.8,4.61,4.82,4.51,3.92,3.51,2.23,2.87,3.66,4.86,6.92,5.49,2.61,2.41,2.66,3.19,4.08,3.69,3.88,3.06,2.4,4.86,4.24,3.87,4.6,3.93,2.41,2.99,3.26,3.43,4.31,4.59,2.68,2.1,2.23,4.1,5.69,6.68,6.47,4.63,5.28,4.41,5.91,6.37,6.9,6.86,6.5,4.68,3.57,5.32,4.02,4.02,4.22,2.68,2.35,3.06,5.19,4.81,5.53,6.23,5.2,4.33,3.33,6.02,6.22,7.81,6.6,6.34,4.62,5.03,6.06,6.09,4.68,5.99,4.48,3.23,1.88,4.35,5.1,6.13,7.23,6.2,4.43,4.38,3.93
Bosnia,7.93,11.93,14.6,11.77,17.13,15.77,7.57,10.5,13.97,14.5,14.07,15.2,18.1,13.2,12.27,14.87,14.8,15.43,17.47,15.17,9.6,12.53,12.67,16.73,19.17,17.87,18.7,13.47,12.7,10.33,12.67,11.93,12.07,10.5,8.7,10.93,9,4.77,7.67,19.6,16.93,11.3,11.17,7.33,8.63,10.1,13.67,11.4,10.03,13.3,12.37,8.27,8.4,9.53,11.93,17.23,13.13,13.77,7.9,9.63,10.17,12.97,9,4.9,12.7,10.1,12.93,13.17,13.6,9.53,11.8,12.63,15.57,13.1,8.17,6.43,4.7,10.03,10.7,11.23,12.73,11.83,8.27,4.9,6,6.97,6,6.37,6.3,8.2,7.4,6.67,5.9,7.33,10.2,8.6,6.9,4.77,6.87,5.93,7.2,7.73,7.8,7,6,6.53,6.87,5.97,8.7,7.2,6.77,5.33,5.1,5.13,4.93,5.7,8.7,6.93,6.63,6.23,6.3,6.73,6.73,5.27,6,5.77,6.9,7.53,6.43,7.3,7.87,5.77,5.8,6.43,5.77,5.03,5.23,6.7,6,7.07,8.43,9.17,7.37,5.63,6.57,7.23,5.37,5.43,6.93,8.33,9.8,8.73,6.73,,9.61
Belgium,14.12,17.02,9.25,6.98,6.07,10.4,10.25,9.48,8.8,7.12,5.75,7.03,7.97,4.67,7.07,4.1,6.73,9.52,7.35,7.68,11.25,20.17,19.78,21.83,,,,,,,,,,,,,,,,,,,,,,,,,,,,,,,,,,,,,,,,,,,,,,,,,,,,,4.08,14.23,11.25,9.32,12.98,6.73,3.55,3.1,4.1,5.68,9.12,8.42,11.1,6.67,2.25,6.2,6.6,10.33,8.72,6.22,6.32,4.77,4.92,7.43,10.72,10.77,7.05,6.6,7.13,2.85,4.32,9.17,11.03,9.93,8.65,7.05,5.6,5.77,6.58,8.75,10.65,4.22,5.75,8.88,8.27,4,3.25,2.4,3.7,5.37,5.92,6.12,8.12,9.8,12.53,9.95,6.22,2.48,6.2,8.22,4.47,5.45,6.22,5.22,7.2,7.82,6.9,5.75,5.92,2.8,2.93,6.72,9.27,8.8,5.23,6.68,6.13,,7.64
Bulgaria,4.93,5.13,2.6,3.8,9.9,9.5,2.8,5.4,12.27,14.97,16.53,22.6,12.2,12.47,14.2,12.3,13.13,14.07,14.07,10.1,7.9,6.83,8.7,10.33,7.6,15.87,18.8,17.77,19.03,21.13,14.63,6.4,10.9,7.07,8.2,8.7,9.67,7.13,7.03,5.93,6.57,12.07,18.53,11.17,7.87,11.63,17.8,7.9,10.87,15.73,13.8,7.87,8.47,7.3,7.5,9.8,8.33,13.17,13.57,7.67,9.13,5.03,11.83,11.63,5.43,9.13,7.4,13.9,11.87,9.23,9.07,6,6.37,9.8,13.6,4.73,3.73,7.77,9.77,8.27,8.93,9.87,8.03,5.1,4.33,4.17,5,6.87,8.6,7.17,5.27,5.6,4.8,3.9,4.8,8.8,3.7,2.1,2.6,2.8,3.3,4.6,3.9,2.9,2.7,7.33,6.9,5.03,8.4,8.57,6.7,6.17,4.3,4.6,4.47,5.5,5.87,5.67,5.93,6.53,4.93,6,5.8,5.07,4.27,3.93,5.03,4.93,6.63,2.1,2.2,3.4,3.4,4,2.2,2.7,7.2,7.97,6.27,5.33,7.07,5.47,6.4,5.27,5.73,6.27,5.2,4.7,5.33,5.23,4.67,3.53,2.87,,8.36
Bolivia,6.7,7.8,7.7,8.5,8.6,13.1,16,16,21.3,22.2,23.8,19.7,16.8,23.9,,5.3,10.9,10,11.5,16.9,15.2,15.1,13.9,13.4,14.5,11.4,,,6.8,14.2,14.1,13,10.4,7,4.8,2.5,3.4,3.9,3,6,4.1,,7.3,2.5,3.2,6.5,7.9,7.9,7.7,7.1,5.5,5.9,,,,,,,,10.4,9.1,,,,9,7.6,6.9,,6.7,6.8,5.2,5.1,5.8,6.5,16.9,17.5,16.8,4.5,5.9,5.6,5.9,3.1,8.6,1.9,1.3,1.6,1.7,1.7,,,,0.9,1.1,1.9,2.5,2.7,3.9,3,1.8,2.8,3.2,5,3.3,6.5,6.4,5,6,5,2.2,1.6,1.7,1.4,2.5,2.8,3.7,3.7,3.8,2.8,2.1,3.1,2.7,5.2,6.8,6.4,,,,7.7,7.2,4,3.6,3.6,3.7,2.9,1.4,1.9,1.8,1.7,,,,,2,1.7,1.7,1.1,0.9,1.9,2.4,2.9,2.8,2.5,,,6.69
Brazil,4.47,4.77,4.03,6.67,5.47,5.83,4.33,6.1,7.37,6.33,6.17,6.87,5.1,4.17,4,4.53,7.23,7.6,4.53,3,2.77,4.6,4.97,4.9,7.83,5.77,4.1,6.07,10.07,10.03,6.3,6.13,5.87,5.37,4.37,6.27,5.97,7.2,7.27,7.03,5.43,3.6,6.03,4.73,5.77,6.5,7.27,5.73,5.37,6.8,6.73,9.1,8.6,8.07,4.63,2.67,6.03,4.3,6.43,5.93,7.6,6,3.17,5.73,6.33,6.03,6.2,6.1,5.43,5.03,7.37,6.97,6.5,7.37,8.27,5.93,5.03,8.4,7.53,8.33,8.93,8.03,4.17,2.73,3.67,4.1,4.6,5.5,5.13,4.6,3.53,4.9,5.47,5.43,5.23,6.67,4.2,3.7,6.6,5.37,4.13,4.6,4.07,3.33,2.27,5.27,7.27,7.27,7.53,4.2,2.97,2.6,4.4,4.17,6.37,6.63,6.57,6.67,5.93,5.3,7.73,8.2,13.7,11.25,5.57,2.17,5.77,9.73,10.07,5.17,5.73,5.77,5.43,8.97,12.87,13.33,8.7,5.5,5.87,7.77,9.77,6.7,7.87,8.93,8.23,4.63,3.17,4.47,6.8,11.33,10.53,12.67,12.5,,6.21
Canada,7.04,6.09,6.18,6.76,8.5,5.39,4.99,7.42,9.86,5.86,8.11,10.94,6.28,3.69,8.99,9.54,10.21,6.74,6.89,7.54,7.04,11.9,11.56,9.2,16.37,11.21,7.98,7.52,6.64,8.94,9.79,10.83,11.54,8.05,7.3,8.78,9.27,6.36,8.19,6.11,7.44,10.44,10.46,10,6.88,8.47,7.32,6.03,5.57,6.12,8.54,8.11,8.33,9.23,5.63,6.69,9.26,11.16,8.54,5.36,5.7,4.58,6.41,7.59,9.45,4.99,6.66,5.98,4.36,5.59,6.71,7,6.18,6.34,3.79,3.11,5,8.06,7.77,7.01,7.39,6.12,4.29,4.92,6.06,5.72,5.98,6.44,4.74,4.91,3.48,3.99,3.7,4.61,4.11,3.97,4.06,3.81,5.22,5.99,5.09,5.25,2.61,3.08,4.24,3.84,3.06,3.6,4.15,4.57,4.09,3.55,4.56,3.04,2.7,3.94,4.6,4.76,3.45,3.51,4.15,4.77,4.2,3.36,4.04,2.84,2.49,3.83,4.28,3.99,2.38,2.32,3.01,3.23,2.79,4.19,6.19,5.12,4.04,3.65,3.41,3.56,4.81,4.89,5.8,3.84,3.82,3.96,4.94,4.84,4.61,3.46,2.87,,6.03
Switzerland,13.9,14.3,13.6,15.8,12.9,12.2,14.1,14.7,20,21,22.4,10.1,10.7,13.7,16.4,19.8,18.1,17.5,18.9,9.6,11.4,8.5,12.5,18.1,17.6,21.3,21.5,21.1,16.1,6.2,7.7,9.6,9.6,9.1,3,3.7,4.8,6.8,16.9,19.9,22.8,14.3,3.4,3,4.5,9.3,7.5,15,10.3,5,5.7,5.2,7.7,7.7,17.2,8.1,4,4.9,4.2,6,5.3,6.9,2.8,10.3,13.4,8.7,10.7,5.1,5,10.8,7.4,7.1,5.3,6.6,5.4,9.6,10.4,12.4,12.3,12,11.3,13.1,5.9,2.8,3,4.8,5.5,7,12.5,10.6,6.6,5.1,4.8,8,12.3,8,6.4,6.8,8.1,10.8,9.5,10.5,7.9,7.1,6.4,3.7,2.9,6.9,10.5,7.9,6.1,3.2,3.7,4.8,4.8,6.6,9.4,5.5,3.8,3.3,4.2,3.9,5,4.1,2.7,2.9,4.4,7.9,5,7.7,10.6,5.6,3.3,6.1,3.7,7.1,5.7,5,5.3,4.4,6.3,5.3,4.3,4.5,5.8,5.7,3.1,4.8,4.2,4.2,7.5,3.8,3.2,,8.72
Chile,5.83,5.28,3.52,4.42,4.72,3.85,2.57,4.02,5.1,3.7,5.38,5.7,5.82,4.73,5.05,5.1,5.45,6.25,7.23,6.48,3.42,5.43,5.8,4.27,4.22,4.5,5,3.9,4.87,4.75,4.52,6.05,5.92,6.08,4.5,5.25,4.58,6.17,6.97,7.87,7.93,6.42,5.85,5.83,5.23,5.5,7.9,6.18,4.05,4.87,6.25,6.52,6.42,5.13,4.57,4.27,5.37,6.9,7.5,6.68,8.93,5.83,4.55,6.5,5.57,7.03,8.72,7.25,6.2,4.95,7.68,8.05,6.67,5.9,5.63,6.77,5.73,6,6.23,6.7,7.7,6.57,3.75,3.83,5.52,5.98,5.35,4.88,4.92,5.58,4.47,6,7.33,6.52,7.58,8.52,5.37,4.3,6.9,8.9,8.53,7.52,5.97,5.92,5.22,7.3,10.4,10.75,10.12,10.75,7.12,4.97,7.42,8.05,10.77,5.88,5.3,5.55,4.55,6.1,7.37,9.82,10.25,8.53,8.13,6.53,8.37,9.72,10.25,12.13,11.65,9.05,7.27,7.57,10.28,11.23,12.57,12.57,8.87,6.87,8.45,8.7,9.85,7.88,9.78,11.83,9.87,11.45,9.1,9.02,10.07,9.12,8.75,,6.77
China,18.39,16.08,19.85,24.02,25.4,27.09,22.36,19.55,17.53,17.18,20.08,20.12,19.35,19.93,21.03,21.75,21.02,18.78,18.72,19.01,16.27,17.79,17.22,17.64,14.33,9.44,9.49,8.8,9.1,8.93,7.8,8.61,10.39,9.58,8.16,8.5,8.08,7.52,7.5,7.9,7.92,8.35,9.85,9.81,10.47,9.56,6.32,5.25,4.65,6.16,9.33,11.14,10.83,9.37,8.95,11.24,11.95,10.9,9.4,9.63,10.39,10.5,9.47,9.7,9.9,10.1,11.04,11.32,12.7,11.82,9.8,9.13,13.39,11.84,11.13,10.05,12.67,12.93,15.19,16.44,12.46,15.75,14.11,12.55,13.45,13.98,13,10.98,8.36,10.14,11.08,12.56,12.54,11.17,13.1,14.15,12.18,12.96,15.32,15.5,16.21,15.06,12.5,11.64,11.9,16.69,18.46,16.43,13.46,14.48,14.39,10.76,9.64,9.85,9.89,11.16,12.56,11.91,13.53,14.19,14.99,14.61,14.64,13.09,10.75,10.87,9.64,9.49,9.78,9.38,7.84,8.86,9.38,9.78,10.46,12.87,10.33,10.4,10.4,10.22,9.57,11.29,11.94,10.07,9.88,9.87,9.7,10.29,9.29,11.63,12.7,11.62,8.88,13.03,12.46
Colombia,12.15,10.4,5.95,7.85,9.7,12,8.45,7.65,10.5,11.8,11.05,10,9.8,7.85,9.25,11.05,12.9,9.95,9.35,9.3,8.6,11.95,11.9,11.5,10.55,10.2,9.85,7.9,10.5,11.05,11.6,11.1,10,12.8,9.85,11.5,14.1,15.05,16.8,17.1,13.7,11.25,11.75,13.4,16.05,15.9,14.25,10.8,8,10.35,13.65,13.65,13.45,13.95,15.6,9.75,10.85,10.05,9.5,10.65,11.15,11.55,10.1,9.8,9.4,11.95,16,14.15,12.4,8.5,11.3,12.75,13.65,11.7,12.15,14.55,10.25,13.45,13.6,14.75,14.4,11.6,6.5,5,6.1,10.9,9.5,7.95,5.35,5.65,4.7,7.2,7.85,8.65,6.8,5.9,3.85,3.35,5.1,5.85,6,4.65,3.25,5.05,3,6.6,6.5,6.3,8.25,8.2,8.95,4.2,6.5,8.1,8.25,8.35,8.55,6.7,3.9,7.85,9.75,10.65,10.4,7.45,6.65,5.95,6.45,6.55,7.65,9.1,7.45,5.15,4.2,7.95,9.5,8.7,10.5,10.3,9.2,4.8,9.15,10.2,7.45,7.15,8.55,7.75,5.35,4.4,5.9,7.3,9.15,9.2,10.4,,9.47
Cyprus,11.8,14.2,12.7,13,17.8,13.8,12.75,4.15,19.4,21.75,15.45,15.1,12.55,13.85,18.95,17.05,19.25,18,14.05,13.75,13.45,16.25,9.95,14.45,12.3,8.45,14.75,11.9,21.6,20.05,15.8,14.8,8.8,10.85,12.6,17.35,16,11.2,7.15,9.2,6.3,7.15,15.8,23.55,17.5,12,12.2,9.8,9.75,20.05,18.9,18.25,10.55,15.4,13.75,11.75,14.4,14.85,12.7,13.1,12.3,9.4,8.1,5.65,13.15,16.2,14.7,12.35,7.85,8.55,15.9,9.05,9.65,13.95,10.6,7.1,5.4,6.4,4.8,5.9,7.7,8.4,6.8,3.9,13.4,8.5,2.75,8.05,6.05,2.55,1.7,3.3,5,2.4,3.45,3,3.3,1.95,2.7,2.6,3.5,6.05,6.35,2.9,2.35,4.2,3.95,4.55,5.8,4.1,3.1,1.95,2.05,3.1,4.65,2.8,4.85,2.75,1.6,3.6,3.5,2.95,4.2,2.1,2.3,1.95,4.4,4.25,3.8,4.2,7.05,4.65,2.4,5.4,6.75,6.55,8.65,10.05,7.3,4.3,12.25,11.45,8.55,11.05,5.4,4.15,3.8,6,6.35,5.7,4.25,4.75,3.9,,9.13
Czechia,11.04,11,10.84,14.32,12.82,8.1,4.74,14.86,15.3,13.86,13.66,11.58,10.54,8.84,12.84,10.38,9.98,14.66,14.96,10.8,11.1,11.6,10.28,10.08,15.16,13.52,10.38,9.48,11.04,10.02,9.82,10.6,12.52,7.22,4.3,7.56,5.88,4.42,10.68,9.04,12.36,11.36,5.84,5.14,5.64,7.96,9.36,10.34,7.88,9.12,6.68,7.48,8.98,6.48,8.08,3.18,5.94,9.28,6.9,7.18,7.64,6.84,5.34,7.14,9.16,9.34,10.4,7.48,5.5,5.82,14.32,8.68,8.02,6.04,5.08,5,6.22,7.68,14.88,12.34,12.76,10.26,3.72,3.52,4.86,5.7,6.32,9.98,11.52,8.98,5.2,3.46,8.1,8.12,,,,,,,,,,4.5,7.4,4.96,4.2,8.62,12.02,10.48,5.96,4.72,4.4,4.36,5.04,7.08,10.82,4.2,4.76,8.76,10.22,6.96,6.58,4.32,4.02,3.28,7.94,4.52,5.38,5.82,7.44,6.5,6.44,6.36,3.38,7.14,5.26,6.4,6.22,5.88,8.82,7.82,4.76,5.58,6.72,5.48,2.66,4.5,4.02,5.8,6.7,5,4.1,,8.02
Germany,16.91,15.56,14.12,15.45,12.15,6.71,10.69,14.27,15.33,16.33,15.23,10.33,11.03,10.48,15.38,13.97,13.39,19.24,16.76,9.96,11.43,17.17,18.7,18.47,17.48,17.89,17.78,14.48,14.91,7.94,8.82,10.39,7.58,6.26,5.54,9.01,8.17,11.21,17.78,16.79,15.68,9.25,4.78,5.6,6.73,12.01,12.27,13.09,8.08,7.47,6.64,7.48,9.58,7.95,8.01,3.99,8.39,6.89,8.27,9.21,8.89,7.88,5.43,11.16,15.58,14.41,13.67,8.86,7.93,8.49,10.48,8.06,6.88,6.13,7.24,12.44,8.49,16.76,16.61,15.63,14.14,9.67,3.77,3.34,6.19,7.83,7.71,7.28,9.25,8.7,3.86,8.36,9.25,12.34,13.18,9.31,9.68,6.3,11.61,11.36,12.23,13.54,6.81,8.31,8.24,3.98,5.65,10.83,13.89,11.45,8.95,4.25,4.29,4.59,5.43,9.05,12.49,4.76,6.64,12.53,10.89,6.59,7.15,3.64,4.7,5.55,9.88,7.04,8.63,12.01,14.59,11.21,7.53,5.66,7.19,9.53,6.53,8.07,8.46,6.35,11.99,10.29,8.89,6.84,9.94,5.62,3.82,5.61,7.88,9.73,6.43,6.98,5.34,,9.91
Denmark,9.1,3.3,3.3,6.4,6.2,1.9,6.1,9.7,8.9,8.2,12.6,11.4,5,5.1,7.8,6.4,5.5,8.7,11.6,5.5,6.2,8.1,3.9,8.2,9.2,6.5,6,8.4,9.4,8.5,7.1,7.9,6.2,4.1,3.2,9,4.1,4.9,4,7,6.1,5.4,3.7,3.9,4.3,7.4,10.1,7.4,5.6,6.6,4.9,6.7,7.2,4,3,2.6,5.3,3.5,6.5,13.9,11.6,5.8,3.4,12.8,13.8,6,9.3,5.2,4.7,4.8,9.1,7.4,3.1,3.1,3.5,4.2,3.8,7.5,5.7,5.7,4.4,3.3,2.5,2.9,5.4,5.7,5.7,9.6,7.5,6.3,1.5,4.3,4.8,3.3,2.8,2.7,5.1,5.2,8,7,10.7,3.8,3.7,5.1,3.9,1.5,2.8,2.6,2.1,4.8,4.7,4.4,7.2,9.1,7.8,10.9,6.3,2.7,3.8,7.1,4,3.6,6.9,8.8,6.5,3.3,4.1,3.7,5.2,3.6,2.9,6.1,4.7,2.7,4.4,4.8,4.9,3.4,2,2.1,4,3.9,7.5,6.5,4.7,3.4,2.7,4.5,8.8,6.6,3.8,5.7,6.2,,5.77
Estonia,2.5,1.3,1.9,2.9,2.3,1.8,2.2,5.4,2.9,2,3.8,20.7,9,2,4.5,3.3,3.2,3.3,4.3,3.8,2.5,3.3,2.8,2.1,5.3,6.5,2.5,2.9,8.5,4.7,6.8,5.5,7.5,3.2,2.3,2.9,5.1,4.8,2.3,6,4.8,2.4,3.1,2.2,3.6,4.2,7,3.3,2.4,1.4,1.7,2.8,4.3,3.4,1.7,0.9,1.1,11.8,6.8,4.8,5.7,6.3,2.4,4.5,13.3,5.6,3.6,4.2,8.5,5.9,2.9,4.1,3,2.5,2.3,1.4,1.4,3.7,4.4,1.8,2,2.4,12,9.1,3,1.1,1.2,2.2,5.5,3.7,2.9,5.3,2.7,1.4,1.7,1.8,1.1,2.1,4.2,3.3,2.6,1.9,1.7,1.2,1.8,1.6,2.5,2.6,3,2,1,3,5.9,7.1,11.3,4.9,4.9,1.7,1.9,3.9,5.5,6.9,6.6,1.9,1.8,2.9,5.1,8.5,4,1.7,2.6,1.4,2,2.3,1.6,3.3,1.8,2.1,1.1,2.5,2,3.2,2.9,1.6,5.4,3.8,3.8,7.2,3.4,3.1,2.5,3.1,2.3,,3.77
Spain,12.6,11.81,10.78,13.18,13.67,9.11,8.55,9.01,14.29,15.5,12.56,11.07,10.3,10.53,13.79,11.88,13.55,13.15,11.56,11.9,4.3,5.82,8.65,11.37,12.02,12.56,10.48,7.73,9.6,9.96,12,10.13,10.55,8.73,6.7,12.47,11.05,9.53,12.67,12.97,10.1,6.94,9.19,10.68,10.4,9.88,12.14,9.8,7.56,9.13,8.73,10.46,11.92,11.93,11.76,10.05,13.91,11.32,7.65,8.39,9.83,5.98,4.25,4.03,5.98,8.47,6.76,5.35,5.81,7.66,7.15,10.96,14.11,12.05,7.56,6.17,4.41,4.34,5.7,6.54,5.58,4.95,3.8,3.35,4.55,4.24,5.08,4.66,4.97,4.99,3.83,3.9,4.35,4.52,3.85,4.81,4.23,2.83,3.93,4.07,4.14,3.43,2.84,2.9,2.27,2.9,4.32,3.79,3.6,3.9,3.39,2.22,3.8,4.04,3.35,4.21,4.63,3.34,2.25,3.47,3.34,3.44,2.91,2.23,2.83,3.12,4.41,4.2,5.09,4.38,3.84,2.57,1.86,3.15,4.19,3.65,4.09,3.95,3.08,2.79,4.91,5.57,5.94,6.22,6.04,3.79,2.72,4.58,4.86,5.18,5.34,6.08,4.5,,7.02
Finland,4.02,3.72,3.5,4.48,3.3,2.64,3.22,3.86,5.3,3.76,6.3,18.04,8.82,2.62,6.2,4.72,4.64,6.16,5.14,4.62,2.66,3.14,2.74,3.8,6.7,7.8,3.58,4.14,6.5,6.4,4.76,5.76,5.92,3.42,3.66,3.62,11.96,6.78,4.48,9.8,4.44,2.7,3.64,4.76,6.1,8.94,8.98,4.75,3.3,3.55,4.15,5.32,6.5,3.84,2.46,2.26,2.82,9.44,7.94,7.88,8.48,11.54,3.94,8.64,5.64,3.84,6.32,4.92,8.23,7.08,5.16,5.82,6.46,4.94,2.78,2.38,2.32,4.36,4.92,4.64,3.9,3.36,3.94,3.88,3.42,3.22,3.14,4.56,5.62,3.24,1.42,4.42,3.64,2.66,4.1,2.18,1.74,1.64,5.84,4.66,3,2.48,1.64,1.7,2.1,1.44,2.64,3.92,2.96,1.9,1.16,1.26,3.72,3.52,4.84,3.64,2.6,1.56,1.76,2.7,4.58,3.86,4.78,2.54,3.1,2.42,4.18,4.98,3.38,2.46,3.12,1.46,2.72,3.12,2.82,5.22,3.4,3,2.66,2.28,2.64,3.62,2,1.62,3.3,3.9,3.48,4.6,4.3,5.38,3.02,3.18,1.8,,4.3
France,13.47,14.51,11.94,12.57,11.87,10.7,10.9,15.15,14.78,14.21,11.09,11.04,12.16,10.34,12.72,9.6,9.54,13.75,10.31,10.76,8.27,11.01,14.09,15.82,14.61,16,14.64,11.53,10.21,7.18,11.41,13.16,11.63,8.16,6.95,9.14,6.33,10.39,15.06,16.53,13.13,5.55,4.92,5.81,9.91,9.75,10.13,10.68,5.5,7.14,7.82,8.63,10.13,11.13,10.88,8.12,9.56,7.7,5.7,7.46,10.16,5.49,5.14,8.3,12.47,10.29,8.62,7.77,7.41,6.68,6.32,7.41,7.65,7.94,7.19,8.48,5.64,9.11,9.73,9.07,8.02,6.44,3.93,3.08,3.81,4.43,5.26,5.26,7.08,6.22,2.91,3.55,4.81,5.37,6.27,5.3,5.5,4.17,5.14,6.07,6.8,7.4,5.93,4.86,3.79,2.89,3.51,4.33,5.4,5.18,3.52,3.13,4.35,4.81,4.99,5.76,5.7,3.84,3.11,4.77,3.47,2.98,3.18,2.15,2.57,2.44,4.37,4.38,4.67,6.42,4.93,4.69,2.91,4.55,5.3,6.41,5.38,5.67,5.8,4.13,6.03,5.99,6.63,5.52,6.68,3.6,2.69,5.29,5.77,5.7,6.09,5.66,4.84,,7.55
United Kingdom,12.54,15.15,11.09,7.3,9.08,10.3,6.68,8.15,8.11,13.02,10.81,13.54,5.41,6.56,7.06,7.5,9.17,7.82,11.4,14.36,17.88,21.25,22.2,18.82,15.95,14.51,10.73,7.62,12.5,8.98,8.46,8.4,7.21,4.8,6.85,6.72,7.86,19.71,19.87,15.35,6.16,3.35,5.52,5.61,8.9,10.82,11.74,5.18,3.76,5.76,6.77,9.41,6.84,6.15,4.39,5.15,6.49,8.63,8.43,9.71,10.84,4.56,4.03,10.15,12.98,16.17,14.2,16.9,7.9,4.34,6.67,5.44,5.94,4.85,8.63,6.23,4.59,9.01,6.46,8.04,9.78,6.98,4.54,5.57,9.78,9.7,11.01,10.48,7.55,4.03,2.99,5.37,5.77,6.43,4.13,5.83,5.22,3.87,4.23,7.29,9.53,8.25,7.93,7.32,5.15,2.64,5.22,7.54,8.33,5.08,4.38,3.69,3.98,4.48,5.76,7.06,7.44,5.62,4.62,5.19,5.45,5.17,4.21,4.6,3.9,5.45,5.09,4.52,6,8.31,6.89,6.39,3.16,3.78,5.33,4.55,5.17,5.14,4.17,3.65,4.53,4.9,6.59,6.3,2.89,2.01,2.36,4.43,5.48,6.34,5.45,5.94,4.68,,7.64
Georgia,14.2,13.3,11.4,8.4,9.4,11,11.9,16.5,17.9,19.4,14.1,9.7,11.6,12.8,8.7,11.4,14.2,13.3,10.6,13.3,12.2,11.2,12.3,7.8,8.8,6.4,7.9,10.5,14.7,19.7,18.4,17.9,15.6,7.8,9.1,11.9,14,14.2,17.9,14.4,6.6,5.4,10.2,13.8,14.7,14.2,9.1,16.5,16.5,20.2,18,20.6,18.8,18.8,13.3,11.3,11.9,8.7,9.3,17.4,17.1,14.7,8.7,8.7,14.7,17.4,19.9,18.4,16,16.4,14.2,15.5,16,10.8,12.8,14.9,7.4,7.2,9.3,11,13.1,10.5,8.9,9.5,11.3,13.8,10.6,7.4,12.4,10.9,8.5,7.3,6.8,9.2,,,,,,,,,,,,,,,,,,,,,,,,,,,,,,,,,,,,,,,,,,,,,,,,,,,,,,,,,,,,,12.69
Greece,6,7.8,6.45,6.9,13.1,17.2,7.1,5.05,5.75,10.55,12.65,22,19.25,10.35,12.15,14.2,11.9,9.6,10.3,8.05,7.55,8.75,8.95,18.75,14.7,16,16.95,17.6,13.75,23.4,13.05,8.5,14.7,14.2,,14.2,14.45,6.65,6.45,7.6,8.7,11.7,15.8,15.35,16.25,11.7,16.5,7.35,9.65,11.9,18.35,18.1,11.2,8.95,8.05,8.75,17.85,14,19,9.65,12.2,6.65,13.75,17,8.3,7.15,10.55,15.35,12.65,11.5,12.65,10.1,12.4,13.75,14.2,14.4,7.1,6.7,8.75,13.05,10.8,14,13.3,10.8,9.4,9.85,4.4,6,9.85,8.3,7.55,12.35,8.95,5.75,7.35,13.3,8.5,5.3,8.3,8.05,7.8,7.35,9.2,12.85,5.55,8.7,11.7,6.2,6.2,8.7,9,5.05,4.8,3.9,4.85,5.5,7.85,9.15,7.8,9.9,8.95,9.2,8.7,5.95,6.65,3.7,5.8,8.5,10.8,7.15,8.75,10.55,9.2,11.7,12.15,12.85,14.9,19,17,14.9,17.2,11.25,11.95,6.25,5.05,7.6,8.05,8.5,4.15,10.6,12.8,8.5,6.65,,10.56
"Hong Kong,China",21.4,18.5,13.2,21.4,27.3,26.5,12.5,18.8,33.3,27.1,18.1,21.3,29.5,19.7,19.9,21.1,15.8,19.6,22.8,18.8,16.2,22.3,20.6,21.8,21.3,15.6,9.3,9.7,8.9,10,13.3,14.3,18.3,17.4,11.8,17.1,14.4,12.3,12.3,17,11.3,9.3,13.3,19.6,26.1,24.7,19.7,17,8.8,12.2,13.9,18.1,19.5,15.2,27.5,9.2,12.9,20.4,23.5,14.7,14.4,23,26.4,14.1,8.6,16.6,12,13.7,18.8,15.3,20,16.7,12.7,17.9,22.3,15.1,11.4,13.7,17.7,26.6,25.3,21.6,20.1,19.6,20.3,13.5,14.1,16.5,18.6,17.7,9.6,17.9,18.4,17.1,11.7,15.5,13.3,9.9,17.9,16.5,16.5,22.9,13.5,17.5,9.3,13.6,24.3,27.8,25.8,19.9,22.5,16.5,16.3,14.6,14.4,15.4,17,19.2,31.4,33.5,20.5,15.5,21.2,20.4,19.3,12.9,12.4,11.2,12.2,11.7,11,11.3,11.2,25,28.5,22.5,12.2,13,13.5,13.2,21.1,20.9,15.5,18.9,20.9,13.5,11.2,21.4,20.8,29.8,15.7,16.4,23.9,15.1,17.63
Croatia,9.53,11.03,7.5,10.93,15,,4.07,7,14.6,11.07,15.27,13.4,11.67,8.77,11.67,13.8,12.77,12.7,9.2,7.8,5.43,7.17,9.33,14,11.53,8.13,8.3,6.17,7.2,5.83,9.57,8.17,6.83,7.77,5.47,6.37,8.1,2.87,8.2,9.73,9.97,6.63,3.4,8.93,7.47,8.5,8.33,8.93,7.4,5.4,10.2,6.17,6.17,9.43,11.53,7.47,9,7.57,5.1,2.97,5.4,3.93,3.93,4.67,6.4,5.87,5.77,7.23,6.4,4.77,9.93,4.7,8.17,6.4,9,3.63,2.23,8.23,8.07,9.33,8.1,9.83,3.13,1.07,1.13,1.4,1.7,2,2.47,3.83,2.6,2.33,2,2.27,4.37,6.13,1.6,1.33,2.8,3.83,4.43,6.43,6.07,3.03,1.6,0.9,2,3.9,4.27,3.73,3.97,2.63,3.7,2.37,2.77,5.25,5.53,2.2,2.23,3.2,2.17,3.17,3.07,2.03,2.83,1.47,3.57,4.97,4.13,3.93,4.77,2.87,1.4,2.87,4.07,2.9,3.3,3.4,4.4,4.23,8.13,7,4.57,4.4,5.27,6.5,2.03,3.27,1.73,2.5,3.47,3,1.5,,5.87
Hungary,8.53,8.77,7.8,11.19,9.46,8.39,4.97,13.89,17.01,15.37,13,12.96,10.69,10.1,10.1,9.39,10.01,11.57,10.11,9.53,9.7,12.94,11.67,10.37,13.2,14.53,9.87,8.33,9.76,10.47,9.86,9.59,10.23,7.79,4.73,5.29,5.81,3.74,6.37,7.14,7.1,11.81,6.76,5.43,5.27,7.27,8.83,8.09,9.86,13.47,9.27,10,6.27,10.76,8.49,6.03,4.89,8.57,7.63,6.13,6.07,6.97,6.24,5.79,10.47,6.79,8.86,10.13,6.14,4.95,12.17,10.5,9.57,9.17,9.07,5.19,4.49,8.96,12.03,14.94,15.36,15.2,6.11,2.57,4.39,4.14,4.79,5.63,7.09,7.83,4.94,4.61,5.46,6.83,10.57,11.3,5.36,5.04,6.36,8.49,11.1,11.77,5.04,5.76,5.53,4.09,4.09,5.34,8.36,8.09,6.49,5.17,4.67,4.7,5.99,6.53,8.61,4.5,3.67,7.1,5.46,4.9,5.27,4.56,4.93,2.94,4.36,6.16,4.01,4.3,6.73,6.7,4.71,4.69,3.91,5.94,5.09,4.41,3.69,5.81,6.54,8.23,5.51,4.24,5.01,4.51,2.81,4.39,4.09,4.77,5.66,5.31,4.14,,7.57
Ireland,6.4,10.6,14.4,3.3,1,,,4.5,2.1,2.9,15.7,4.1,0.5,,2.8,5.6,3.4,4.2,5.7,,,11.1,11.4,21.2,12.6,,,,,9,4.9,5.2,2.5,,,8.6,7.7,28.3,14.3,6.8,2.6,,5.8,5.4,7.8,12.3,5.9,,,6,5,4.1,4.7,2.7,3.4,2.5,5.3,5.6,6.8,5.5,6.7,2.7,1.6,5.7,5.2,19,23.1,12.2,,,4.8,5.2,4.2,3.4,5.2,3.8,,3.1,1.5,5.5,13.8,7.9,,,7.6,3.7,6.8,10.6,7.4,,,7.5,7.6,3.1,3.6,2.8,,,2.1,3.4,8.2,12.6,9,,3.7,2.1,7.5,11.4,6.6,7.3,,,4.5,6.5,6.8,8,14,12.1,12.9,4.9,6.1,3.5,3.9,3,,,,3.4,4.4,2.9,3.3,,,3.6,4.5,3.7,6.8,4.5,2.8,,2.4,2.7,4.5,3.6,1.6,,,2.3,4.5,5.1,7,5.3,5.3,,6.4
Israel,10.14,11.67,10.27,12.48,6.53,5.1,8.07,15.2,9.63,8.31,11.2,9.9,10.64,14.53,13.7,15.09,15.87,13,8.84,6.71,8.79,8.35,9.28,14.78,12.4,6.27,7.35,16.87,16.67,13.73,12.99,13.91,8.23,2.75,14.87,14.97,12.24,14.43,10.96,5.56,1.89,7.3,9.36,10.31,10.84,14.6,10.51,7.44,11.76,13.06,13.67,9.21,7.99,5.83,3.36,13,12.63,5.76,8.4,14.63,12.86,2.96,4.91,6.73,18.46,19.23,17.11,5.44,2.71,14.67,14.69,7.14,13.86,11.86,3.87,3.16,9.26,10.6,4.33,3.26,3.76,3.23,2.39,7.01,9.33,5.67,5.64,8.71,3.67,1.44,3.89,7.41,5.2,3.03,5.03,4.44,3.89,4.33,3.74,3.36,2.07,1.54,1.9,1.53,4.07,4.7,3.9,3.5,5.19,2.87,2.5,7.23,6.16,7.43,10.66,3.26,5.8,1.27,3.7,6.34,4.69,1.73,4.67,4.06,2.5,6.53,7.37,6.07,3.23,28.69,6.15,1.58,4.4,6.83,9.06,10.76,8.19,6.9,5.39,11.59,12.26,11.19,13.67,13.53,4.06,1.43,2.61,3.69,7.56,5.74,2.46,1.51,1.93,,7.98
India,13.35,12.52,13.08,12.77,11.9,12.66,11.54,12.75,12.69,10.67,10.94,11.82,13.72,14.2,15.55,13.48,13.72,12.65,12.16,12.09,11.6,12.9,13.53,14.28,12.92,18.51,18.92,17.59,16.46,12.78,12,12.62,13.03,13.18,11.92,13.48,14.37,13.89,12.7,12.86,12.4,13.06,14.43,15.54,15.88,15.63,13.71,16,16.96,20.16,17.21,16.07,12.59,10.84,12.46,12.63,13.44,14.2,13.6,14.7,12.92,12.13,11.85,14.26,17,12.47,11.51,9.39,10.32,10.48,9.85,8.97,9.9,10.58,10.26,9.68,9.84,11.46,11.5,12.52,13.06,11.21,10.5,7.12,7.58,7.02,7.69,5.72,5.07,5.15,5.37,5.69,5.77,5.77,5.21,5.35,5.93,6.31,6.13,5.4,5.77,6.23,6.87,6.42,6.41,7.07,7.21,6.96,7.28,5.93,5.7,5.5,6.7,6.58,7.03,6.76,6.51,6.47,5.38,5.52,5.41,6.2,6.36,5.84,5.83,5.44,5.58,6.06,5.86,5.38,6.16,5.95,5.52,5.72,5.97,6.31,6.55,6.32,6.95,7.28,8.29,8.68,8.2,7.62,8.91,7.75,6.41,6.67,6.92,5.92,5.26,5.12,6.3,4.93,9.99
Iran,37.3,43.3,35.91,35.27,42.18,27.55,36.09,37.82,34.27,32.82,31.09,29.91,29.27,31.82,31,26.92,33.09,32.73,33.82,29.42,26.42,27.17,30.36,27.55,27.27,27,30.27,31.17,31.58,33.75,32.92,37.33,33.67,37,28.08,27.15,32.75,30,33.75,28.75,24.55,20.55,21,18.45,17.08,18.25,15.82,17.45,20.7,20,24.18,26,20.5,19.3,22.6,21.8,26.91,23.9,20.2,20,22,23.55,22.09,16.64,16.83,19.83,21.25,21.92,21.55,19.18,22.64,21.73,25.09,23.91,22.82,19.5,19.45,20.82,20.5,18.3,19.7,17.5,16.36,14.27,14.27,15.55,16.36,16,15.45,17.09,15.8,15.2,13.8,14.9,15.6,17.1,15.82,15.27,18.45,15.5,14.3,13.56,14.44,16.1,17.82,15.82,16,17.92,18.92,16.42,17.67,18.08,20.83,21.15,20.46,21.25,19.08,20.54,27.92,19.83,20.75,21.33,19.67,21,21.73,19.92,20.08,22.42,20.08,18.33,19.17,20.83,17.83,18,18.17,20.67,20.5,18.08,21.42,22.42,20.5,22,19.25,21.33,23.18,23.18,21.18,19.45,22.58,22.18,21.33,19.18,21.18,,22.88
Iceland,5.9,2,1.7,3.4,4.3,1.9,1.8,3.4,2.1,2.3,2.1,2.2,2.4,1.6,2.3,1.6,9.5,3.7,8.1,5.2,1.2,1.9,3.1,1.8,1.3,3,2,2.2,2.4,7.3,14.9,14.5,13.8,7.4,3.8,11.5,3.5,1.9,2.1,1.9,2,4.5,1.8,6.5,6.9,2.1,1.1,2,2,3.5,8.7,3.2,3.3,5.9,5.8,2,5.2,7.8,2.6,2,3.1,7.5,1,1.9,5.6,4,3.4,4.5,1.9,4,2.4,2.2,2.3,6.1,3.9,3.9,2.1,3.4,3.2,2.1,3.2,1.4,2,1,0.9,1.8,2.7,2.5,1.8,2.4,1,1.3,0.8,0.8,2.6,2.6,1.4,1.7,1.1,2.1,2.9,2.4,1.6,2.7,1,0.7,1.2,1,1.8,1.4,,1.3,1.2,1.6,2.7,2.6,4.1,3.6,3.2,3.2,3.7,3.3,3.8,3.3,2.6,3.2,2,1.8,2.7,2.1,3.8,3.5,3.2,2.6,3.5,2.7,2.5,1.5,0.8,1.4,1.4,4.3,4,2.1,3.2,3.7,2.8,2.9,2.2,1.9,2.9,2.9,2.1,,3.17
Italy,21.11,25.63,24.1,27.54,32.74,26.21,23.4,20.92,26.68,28.01,33.54,33.54,28.33,25.85,30.83,31.04,30.19,30.76,32.32,27.61,21.43,20.47,26.32,33.78,34.39,33.88,26.42,24.35,30.56,22.31,27.13,30.47,31.61,24.48,20,22.07,16.59,26.77,29.73,35.19,32.39,28.03,26.29,24.72,30.92,28.67,29.43,30.06,29.34,27.72,26.54,25.32,31.8,31.44,31.54,25.91,23.81,25.88,18.8,21.89,29.88,26.22,13.25,18.53,22.28,25.06,22.98,21.42,21.83,23.04,23.9,28.78,26.42,22.41,18.51,11.17,8.49,20.51,24.38,24.28,23.55,19.68,13.68,6.45,9.45,13.37,7.68,9.68,10.02,15.27,9.86,12.27,9.16,12.84,16.07,19.46,15.91,9.36,13.39,19.25,16.79,18.55,16.89,13.51,7.11,7.5,9.98,8.12,15.67,15.38,9.6,5.91,7.85,8.74,10.39,12.55,16.03,6.76,5.64,9.7,9.71,7.23,8.34,4.62,5.61,4.57,11.97,14.24,10.83,12.04,14.53,10.44,6.83,9.45,9.57,11.49,10.69,10.51,10.29,7.53,10.89,12.63,11.69,12.94,14.58,9.55,8.04,13.55,10.55,10.13,14.94,13.16,,,19.1
Jordan,13.37,13.83,13.97,13.2,10.63,9.37,9.53,11.47,11.83,7,9.83,9.63,10.83,12.87,10.53,10.4,9.7,10.27,8.93,10.67,9.27,9.13,7.63,10.13,10.77,7.23,11.5,14.37,14.2,13.37,10.57,13.13,8.07,8.6,11.5,12.67,11.97,13.07,14.17,9.8,4.97,8.23,9.2,10.77,11.27,15.5,9.4,10.53,12.7,12.73,11.6,11.17,11.03,11.57,10.5,15.13,13.6,11.2,10.03,14.23,14.37,11.77,8.43,9.4,13.47,11.9,12.97,10.93,8.17,12.57,12.33,13.23,14.4,9.87,7.73,7.03,10.23,13.33,9.43,5.63,5.1,7.4,5.13,4.4,7.57,7.37,5.1,5.4,4.73,3,3.93,5.7,5.87,4.07,4.73,2.87,5.3,5.4,3.77,3.9,3.63,4.2,1.97,1.77,7.8,6.7,7.03,5.07,4.8,2.53,2.93,5.9,5.83,6.93,7.27,5.33,3.93,4.37,4.43,5.57,6.6,4.27,4.27,2.13,4.8,7.2,6.13,6.13,4.5,6.73,3.93,4.93,5.07,8.53,9.7,9.57,10,3.67,8.7,7.97,7.97,7.07,9.27,12.43,3.87,2.93,2.83,4.73,8.93,9.5,5.4,2.4,5.9,,8.42
Japan,9.78,5.03,3.93,6.17,6.85,6.11,4.55,9.46,13.68,9.29,7.56,9.18,12,9.81,7.29,12.2,10.39,12.44,12.92,7.84,7.76,10.93,8.21,16.61,18.23,12.23,6.48,7,9.49,8.33,8.24,7.03,5.3,6.48,7.06,10.75,9.39,8.3,5.96,11.86,8.7,4.02,9.89,8.33,14.6,13.77,16.29,13.68,9.33,5.11,5.88,9.88,12.17,10.92,9.56,3.85,8,16.15,8.25,5.43,8.36,9.88,6.45,7.97,7.59,11.82,5.85,6.78,9.04,5.26,10,11.46,5.28,7.07,11.41,6.74,4.75,5.05,8.38,9.99,9.61,4.12,7.91,7.31,5.56,5.49,8.05,13.65,12.09,5.14,3.55,8.86,9.4,7.73,4.98,9.31,7.21,3.04,5.67,8.33,8.98,6.19,4.87,5.2,4,4.36,4.51,9.49,7.1,7.34,4.76,3.36,5.94,7.23,4.24,4.78,5.64,5.53,4.47,5.55,6.3,6.28,7.67,6.33,6.13,4.6,4.06,3.82,4.45,3.82,5.49,4.93,4.2,5.58,6.9,5.56,7.11,8.36,5.67,5.1,6.39,4.99,4.18,4.83,5.49,5.07,3.91,5.67,7.46,5.78,5.5,5.88,5.96,4.08,7.57
"""Korea, South""",20.39,8.8,14.51,21.35,23.89,23.66,23.66,28.3,21.73,11.12,12.65,23.75,21.39,11.9,12.26,19.59,20.14,22.84,27.49,25.29,19.78,17.03,21.45,34.31,26.17,19.32,17.47,12.33,7.05,12.41,16.44,15.51,16.44,18.8,17.47,13.25,16.72,9.59,16.95,22.92,11.58,13.15,22.42,29.82,27.46,18.9,24.31,20.51,8.15,7.56,11.82,22.19,26.17,25.11,9.63,9.27,20.66,17.27,13.48,13.67,20.75,16.03,12.51,10.34,16.22,9.88,11.5,22.1,25.1,16.96,23.25,13.91,9.18,16.11,13.53,9.77,8.48,10.56,15.2,18.81,10.34,10.57,14.41,9.13,13.1,16.48,19.49,19.81,13.02,9.26,9.91,14.54,18.25,14.36,13.43,15.47,10.76,8.07,15.42,14.67,9.78,11.57,12.19,13.2,9.22,8.39,16.85,16.06,13.48,13.8,9.19,9.73,8.66,6.87,6.18,7.15,9.18,9.31,7.61,11.25,12.69,13.67,10.98,8.02,9,8.11,10.47,11.85,11.81,9.36,10.51,8.26,6.82,10.33,9.09,9.87,16.17,12.4,9.69,8.35,10.51,8.06,8.57,10.52,10.37,10.01,8.16,10.85,12.74,10.02,12.27,11.9,13.16,10.66,14.51
North Macedonia,4.4,8.5,7,9,13.2,13.6,5,3.1,3.5,10.7,14.9,18.3,15.3,7.7,9.5,6,6.4,7.4,9.4,8.6,7.1,6.5,8.4,10.8,11.6,12.3,16.8,16.1,14.1,11.4,13.1,12.5,15.6,12.4,12.5,12.2,10.8,5,6.6,6.5,6.8,10.2,14.4,13.8,8.2,9.5,13.8,8.6,8.6,11.7,10.6,8.2,7.1,4.9,5.8,8.6,10.9,11.1,8.5,4.8,8.7,3.8,9.6,8.7,4.9,5.3,6.6,9.4,9.8,5.8,4.9,6.6,8.3,10,8,2.8,4.4,4.1,7.1,7.2,6.8,7.4,6.1,3.6,3.9,4.6,8.5,9.9,6.1,3.9,3.9,3.9,3.1,5.2,5.9,5.4,5.2,3.9,3.4,3,4,3.8,4.7,2.4,1.8,2.6,5.6,2.5,4.2,4.3,2.4,1.9,2.1,3.3,3.1,2.8,4.7,2.8,2.1,3.6,4.4,4.9,4.3,2.1,3.3,1.8,3.2,5.4,4.9,4.1,3.8,3.8,2.9,2.6,2.5,2.9,3.7,3.8,5.2,2.9,3.2,3.4,3.2,3.3,3.5,3.9,2.2,1.8,3.3,2.9,5,4.8,3.6,,6.61
Mongolia,11.2,12,12.6,15,16.3,12.5,9.4,16,13.9,13.8,14.7,11.2,13.8,15.1,15.7,16,17,16.5,15.8,17.9,16.3,14.9,17.7,16,17.3,16.2,15.3,15.4,16.3,13.9,8.5,12.4,9.8,10.8,11.5,12.4,13.3,9.3,14.7,14.9,15.4,14.4,14.7,15.8,9.4,5.8,11.7,14,15.1,16.5,16,11,5.5,10.3,12.6,14.4,6.6,4.4,4.2,7.8,7.8,9.6,9.5,3.5,12.8,7.8,6.6,11.6,10,4.6,10.1,10.8,8.5,8.7,9.6,8.7,6.2,6.2,8.5,3.5,6.8,7.1,6.4,10,9.9,6.7,2.1,1.9,2.8,4.6,6.9,4.7,6.6,9.1,9,10.3,8,6,3.7,3.5,5.8,5.9,7.8,4.2,3.9,6.1,3.5,3.7,7.2,6.2,3.2,2.4,3.4,3.7,5.1,9.4,7.6,9.3,10.4,8.3,6.4,6.6,7.6,6.2,4.3,6.4,7.6,6,4.6,3.6,6.7,3.2,4,6.9,7.4,6.4,6.2,4.3,3.2,3,6.6,6.2,6.2,4.4,3.9,5.8,6.4,5.3,7.5,6.3,3.2,4.5,3.5,5.5,8.98
"Macau,China",,,,,,19.2,14.8,15.6,23.6,24.7,15.4,16.5,22.5,17,23.8,19,15.4,16.5,17.9,21.7,19.5,17.3,22.6,18.2,15.5,13.6,11.5,7.7,6.6,6.8,8,8.7,12.6,11.9,11.6,16.9,11,11.2,7.6,12,5.1,5.1,8.3,15.3,13.8,15.6,13.2,10.5,5.4,5.3,10.1,15.7,16.9,15.3,21,9,11.7,16,15,12.2,14.2,17.4,11,15.8,8.3,16.1,12.4,10.4,16,15.4,11.1,12.5,13.4,14.7,19.3,14.2,13,13,16.9,19.7,25.5,23,17.7,14.9,11.1,11.1,11.7,15.5,14.9,19.4,8.6,17.6,17.3,16.5,17,15.7,15.4,13.9,16.7,18.9,25.2,17.3,12.7,16.4,9.8,12.7,21.4,18.8,12.1,12.7,12.9,8.7,6,6.3,12.7,17.3,16.3,19.3,20.4,20.7,16.9,13.7,12.6,6.4,5.7,5.2,5.3,4.8,5,4.2,4.2,4.4,5.1,15.4,16,13.1,8.8,7.3,7.3,5.9,10.6,11.6,9.2,6.4,11.8,12.8,10.4,14.4,9,19,19.8,8.9,9.8,4.1,13.47
Mexico,10.7,12.02,6.17,5,9.25,10.28,13.53,19.19,15.99,17.04,19.12,16.65,16.13,15.08,15.4,15.59,14.31,13.05,12.57,12.06,8.86,10.02,12.74,13.41,13.92,12.98,10.84,9.63,11.45,13.72,19.59,8.09,8.92,10.99,12.12,9.66,9.24,7.69,8.68,18.09,17.16,15.3,14.25,13.83,10.53,14.26,13.98,14.38,13.63,14.96,17.42,16.55,13.58,11.02,11.3,13.27,12.83,12.55,11.77,11.16,15.57,14.66,13.76,13.8,9.5,11.96,13.71,11.8,10.36,10,11.53,10.58,11.83,14.29,14.95,13.34,9.78,11.59,13.24,8.4,10.54,10.97,9.65,10.59,12.09,12.3,11.73,12.26,10.68,9.53,7.57,9.53,9.1,8.48,10.14,10.52,8.52,7.78,8.68,9.98,10.7,10,8.13,7.78,5.71,8.49,11.56,8.65,8.52,8.71,8.66,7.69,8.93,8.48,9.05,9.35,10.17,9.73,7.41,8.36,9.66,9.24,7.98,8.64,9.42,7.48,8.32,7.81,7.57,8.73,10.23,9.02,7.52,7.81,9.09,9.44,9.39,10.05,8.66,7.25,9.05,9.52,8.99,8.09,7.49,7.58,6.62,7.79,8.45,9.21,9.67,9.47,8.49,,11.11
Netherlands,17.15,15.22,12.24,10.72,6.88,7.21,10.3,10.72,12.29,10.87,8.85,9.28,9.44,5.73,8.95,5.97,7.05,11.83,8.02,7.25,7.87,21.57,22.12,20.53,19.51,18.79,14.81,11.15,8.95,6.26,7.5,9.26,7.31,5.38,6.38,7.09,6.27,12.77,17.65,18.16,12.37,3.37,2.81,4.74,6.02,9.95,9.98,6.44,3.08,5.63,6.06,6.48,6.64,7.14,5.07,4.12,6.97,6.1,7.86,10.85,8.5,4.64,4.18,10.35,10.7,11.94,11.3,7.62,8.14,5.15,7.48,6.2,6.76,4.25,6.06,9.4,5.08,10.29,11.45,9.95,8.35,5.08,3.44,3.43,6.59,8.68,9.7,7.21,7.75,4.97,2.12,6.17,5.71,8.67,8.55,6.61,10.76,6.55,7.95,9.81,11.98,9.1,6.08,7.46,14.52,2.37,4.21,10.81,11.82,5.4,7.32,4.65,4.54,4.56,5.51,8.55,8.1,3.19,5.27,10.31,7.35,6.37,5.1,5.27,5.15,7.2,5.05,3.98,6.29,9.45,13.38,8.5,6.05,2.55,5.91,5.87,4.67,6.2,7.61,7.13,8.87,9.51,7.32,7.9,8.3,4.05,4.34,5.65,9.84,6.48,3.68,5.16,5.01,,8.08
Norway,3.3,9.3,5.93,5.78,4.45,6.78,7.18,13.95,6.05,4.6,16.85,16.53,3.98,5.95,15.18,5.53,13.43,6.38,11.13,11.4,9.6,10.2,10.3,15.85,12.63,11.38,9.65,7.4,11.8,13.38,12.75,8.65,7.33,5.88,8.28,14.45,13.03,11.85,20.2,13.48,6.7,2.33,5.83,10.53,8.65,15.03,10.93,4.1,3.4,3.43,6.9,14.33,6.6,4.7,2.7,4.5,12.85,9.03,9.9,7.8,14.7,5.73,4.1,5.65,6.93,12.1,14.78,13.5,4.73,2.85,6.48,6.5,6.65,10.08,5.83,3.6,2.4,6,3.35,3.78,6.3,7.38,6.18,3.63,3.05,5.95,6.25,7.93,8.38,3.7,3.4,6.85,6.73,6.1,3.75,4.83,4,3.85,6.85,5.38,5.03,2.68,4.3,3.93,1.85,1.85,6.83,3.8,4.95,6.45,5.43,5.2,10.23,11.4,11.3,8.8,4.65,5.5,3.3,6.78,7.93,5.98,4.58,3.7,5.18,3.43,4.78,6.4,4.9,6.68,5.53,4.78,2.35,4.88,4.6,5.2,5.73,5.35,2.78,2.55,6.78,5.38,8.2,4.95,4.4,2.28,2.45,6.88,7.23,5.83,6.03,8.93,6.18,,7.12
New Zealand,1.15,1,2.15,1,1.3,0.95,1,0.9,0.95,1.45,1.25,1.15,1.1,1.15,1.4,1.3,1.7,1,1,1,0.95,1.3,0.95,1.4,1.9,1.25,1.5,0.8,1.65,1.45,1.35,1.35,1.25,1.2,0.95,1.65,1.65,1.65,1.6,1.2,1.2,1.5,2.3,2.95,2.25,2.6,2.1,0.9,0.95,1.6,2.2,2.65,2.05,2.1,1.75,1.05,1.9,2.25,1.95,3.15,2.45,1.4,1,1.35,4.6,2.2,1.65,1.25,1.3,1.6,1.8,1.8,2,2.45,1.9,1.9,1.75,2.75,2.5,2.35,3.95,4.35,2.1,1.9,1.65,2.85,1.65,1.7,1.25,1,0.9,1.15,1.35,1.85,1.3,1.2,0.75,0.55,1.1,1.6,1.15,0.95,0.95,0.95,0.9,0.4,0.85,1.05,1.35,0.65,0.6,0.75,2.55,3.25,2.15,3.15,2.3,1.15,1.15,1.4,2.35,2.95,4.85,4.95,1.7,0.65,3.55,1.85,2.75,5.9,2.65,2.5,1.65,2.1,2.35,3.25,4,6.1,5.85,3.4,5.85,5.35,7.15,6.5,9.25,3.95,2.4,3.25,4.75,6.1,4.8,5.15,4.4,2.6,2.14
Peru,5.6,8,5,5.3,5.8,5.6,5.4,6.3,6,5.3,5.5,5.4,6.3,8.7,9.2,9.9,8.1,7.1,7.9,7,6.7,5.6,6.2,7.3,10.8,10.1,7.8,5.8,5.1,4.5,5.1,5.7,5.7,6.1,8,10.1,9.6,8.6,8.3,8.8,6.7,5.8,7.8,7.8,6.3,7,8,6.5,5.6,6,6.6,7,6.4,5.9,5.9,5.5,4.4,5.1,4.9,5.1,5,5.1,4.5,4.6,4.6,6.1,6.7,4.1,,,,,,,,,,,,,,,,,,,,,,,5.5,5.4,4.9,5.1,5.2,4.9,4.7,4.7,5.1,4.2,4.4,4.2,4.1,5.4,5.4,5.4,5.4,5.4,5.5,6.2,6.5,5.4,5.6,5.5,6.1,6.6,6.2,7.1,5.4,7.3,7.9,7.6,10.1,9.2,9.1,7.8,8.7,9.8,10.4,13.2,10.4,6.5,7.9,9,9.4,7.5,7.2,7.6,8,9.2,7.4,7.5,7.9,7.9,5,6.7,4.4,9.2,8.4,7.7,7.2,8.2,6.4,,6.7
Philippines,,5.5,3.05,2.55,4.6,5.3,3.7,4.3,6.65,5.45,6.05,5.3,5.05,5.95,7.03,5.45,6.9,7.8,11,85.15,7.6,11.7,11.25,11.7,,9.2,6.9,16.5,23.3,17.9,29.3,25.6,17.9,7.6,5.1,6,15.1,19.7,6.1,11,9.2,5.8,5.9,7.35,7.5,13.8,14.2,8.4,7.1,9.65,5.7,5.3,3.8,3.1,2,4,9.55,6.5,8.75,4.1,2.3,3.6,2.2,5.9,2.1,2.85,3.2,2,3.6,5,10.1,23.4,5.9,7.95,5.1,5.85,4.45,4.7,3.1,1.6,1.85,6.2,2.8,2.8,3.05,3.85,3.7,4.15,4.15,4.15,3.95,3,4.6,4.4,3.55,4.85,3.9,5.95,5.55,3.7,5.5,4.6,3.7,4.15,3.8,6.17,7.5,7.67,8.13,6.73,47.8,26.03,7.07,5.77,9.03,12.4,8.1,40.47,39.97,6.73,7.67,7.2,5.8,8.4,44.47,6.4,6.13,10.27,7.53,8.27,10.1,45.07,8.27,6.6,9.63,9.33,8.73,13.55,6.45,7.07,7.8,6.87,6.25,9.2,11.5,17,3.2,3.7,7.8,10.1,6,5.1,8.7,,9.66
Poland,10.22,6.5,4.13,16.19,12.21,4.64,4.16,9.45,13.83,11.05,11.27,10.08,6.53,6.4,11.05,10.97,11.32,15.03,15.35,11.79,9.85,9.35,9.87,9.75,10.95,11.05,10.58,9.82,14.3,13.19,7.26,7.89,7.46,6.43,3.98,8.17,7.29,6.16,8.86,9.35,13.49,8.14,4.96,4.66,5.09,7.58,12.32,8.49,6.14,8.95,7.47,7.64,9.33,8.14,6.29,3.64,5.96,8.69,8.8,8.84,10.74,6.65,5.59,12.53,11.28,8.74,13.82,10.62,7.21,5.99,13.83,9.69,6.09,5.66,5.88,3.91,5.61,7.93,13.7,13.47,11.29,9.46,3.7,2.99,6.18,9.79,8.18,8.77,10.79,13.3,5.22,5.3,9.81,8.29,8.69,6.89,8.88,6.86,8.45,10.89,14.49,7.76,6.32,6.99,4.72,3.19,4.1,5.91,6.93,8.96,5.49,3.84,6.04,7.36,9.81,11.48,9.51,4.22,4.35,10.63,8.8,6.85,6.42,5.69,5.2,3.61,8.2,5.49,5.82,6,9.14,10.99,6.39,6.61,4.18,6.62,8.07,8.94,5.38,5.51,7.85,6.95,6.28,6.49,8.36,7.52,2.88,6.17,5.65,7.84,7.61,4.91,4.79,,8.08
Portugal,13.1,8.7,8.05,11.4,10.6,10.9,6.85,12.75,12.3,10,8.1,7.35,8.75,8.75,14.55,7.15,4.7,4.9,12.5,4.4,4.35,4.15,6.5,7.5,11.6,10.75,8.95,10.65,3.6,14.7,7.9,10.5,14.5,11.45,16.3,12.25,13.1,10.4,11.4,11,11.1,21.3,23.9,14,19.6,25.7,19.1,22,13.5,7.3,6.4,11.2,20,15.2,14.1,11.5,17.75,15.75,11.2,13.9,10.2,5.4,3.8,4.8,8.5,8.5,5.5,5.4,5.6,6.1,8.6,6.75,15,7.85,3.9,4.45,2.95,2.8,3.05,3.35,3.85,3.45,4.4,2.8,3.05,3.9,3.9,3.55,4,2.7,3,4.35,3.5,5.35,4.1,4.35,3.35,2.15,3.35,3.3,4.6,4.15,2.05,2.45,1.7,2.4,3.75,2.65,2.6,1.8,2.8,1.75,2.55,2.3,2.35,3.2,2.9,1.75,2.55,3.85,3.6,2.7,2.8,1.9,1.95,2.4,3.3,2.5,3.55,2.6,3.05,4.25,1.75,2.75,3.75,4.45,3.25,2.35,2.4,2.7,3.45,4.7,7.8,3.95,2.95,3.25,1.95,3.55,7.05,5.35,6.3,5.45,3,,6.5
"Reunion,France",2.2,1.8,1.2,2.1,3.3,3,3.2,2.4,2.3,2.5,2.6,2.3,2.2,1.4,1.6,1.4,1.5,1.7,2.6,3.2,3.4,2.2,4.3,2.9,3.1,3,1.4,1.8,,2.9,2.6,2.7,1.9,1.6,1.1,1.8,1.9,2.3,2.3,2,,1.3,2.4,2.1,1.8,1.7,2.2,1.8,1.3,2.1,2.2,2,1.5,1.8,1.5,1.7,2.2,2.5,3,1.2,2.4,1.8,2,2.2,4,2.5,1.9,3,2.6,1.2,1.1,1.3,1.4,2.4,2.3,1.8,1.6,2,1.3,1.1,1.4,1.7,1.4,0.8,0.8,1.1,1.3,0.9,0.9,1.2,0.7,1.3,1.2,1.7,1.6,1.4,0.9,0.8,1,0.8,1,1.3,1,0.8,0.7,0.7,0.8,0.9,1,0.9,0.8,0.8,1.1,0.9,1.6,1.1,0.9,1.3,1.2,1.5,1.4,1.2,1.1,0.6,1.1,0.9,1.4,1.8,2.2,2.6,1.6,1.9,1.6,2.6,2.1,2.1,2.7,3.1,3,2.2,2.6,2.7,2.4,1.3,1.3,1.6,2.2,2.4,2.3,2.6,3,2.5,3.2,,1.83
Romania,10.26,10.94,7.98,11.36,14.27,15.78,8.81,11.56,15.85,16.99,18.97,17.31,17.92,12.55,13.49,15.71,15.19,15.97,15.44,13.99,11.23,11.33,12.64,12.93,10.99,15.11,16.24,16.35,18.88,14.94,10.68,12.49,13.48,11.72,9.04,9.21,11.96,6.94,7.3,9.75,10.21,12.01,14.25,8.95,8.11,12.12,14.44,11.29,11.24,14.75,15.79,15.26,12.24,11.71,9.39,10.3,6.92,12.78,12.78,8.81,9.99,7.49,8.23,10.81,14.49,10.11,8.36,8.72,10.01,8.91,9.51,8.52,9.74,11.12,10.64,7.01,4.78,9.59,10.75,11.82,12.54,13.26,8.05,4.35,5.04,5.09,5.23,6.24,6.92,6.85,5.46,6.31,4.71,6.85,7.94,8.51,6.38,5.11,6.74,8.93,9.18,9.85,8.21,5.71,5.28,6.36,6.02,5.27,7.21,7.14,5.41,4.06,3.39,4.94,5.38,6.53,7.24,4.95,3.84,6.02,7.25,7.36,7.45,6.05,5.24,4.58,5.46,6.59,6.02,5.62,6.75,6.81,5.75,7.27,5.61,5.5,6.72,6.66,5.27,5.65,6.92,9.75,8.22,5.91,6.36,5.77,6.26,7.24,7.13,6.91,7.33,7.6,6.48,,9.32
Serbia,8.37,13.37,8.9,10.77,12.37,13.7,6.13,8.53,10.5,14.73,12.57,21.3,14.57,9.43,11.57,12.27,13.4,14.83,10.73,10.03,7.47,8.27,9.8,12.87,11.1,15.2,21.43,15.93,7.17,10.63,8.3,9.8,13.23,11.53,8.9,10.47,7.9,4.37,7.33,9.37,9.23,13.33,10.7,9.03,10.2,11.5,12.23,8.27,9.37,14.23,12.33,10.97,7.7,10.43,8.27,11.97,12.43,13.53,8.93,8.4,8.2,6.87,7.57,7.77,13,7.43,9.23,9.77,8.53,6.67,9.27,10.97,13.3,11.47,9.5,7.7,5.03,4.43,10,10.2,10.63,12.23,7.57,2.93,3.33,3.03,3.1,3.17,3.63,6.6,5.17,4.6,4.03,3.7,4.57,6.2,5.33,3.03,4.17,3.33,6.03,8.13,7.23,3.9,3.43,6.03,4.33,4.77,6.3,5.9,4.47,4.37,2.73,3.4,3.43,4,6.33,2.87,2.27,4.43,5.47,4.8,4.53,2.3,2.63,2.67,4.67,5.53,4.13,5.83,6.7,8.8,7.13,7.8,5.63,4.4,8.37,6.47,5.23,6.47,6,7.03,5.73,5.13,6.43,7.6,5.6,5.6,5.67,4.97,5.6,5.83,4.97,,7.97
Russia,16.8,14.62,9.92,11.3,10.84,10.34,15.48,11.67,11.15,10.25,19.45,23.5,24.75,20.6,14.85,14.75,13.65,9.45,12.15,9.65,9.75,9.55,7.9,13.15,15.1,10,6.9,6.75,13.75,16.9,15,12.53,20.08,16.03,16.68,12.87,11.55,12.1,14.2,11.45,13.48,11.45,10.27,16.52,17.45,20.22,18.32,17.53,15.9,14.6,12.33,9.87,11.6,15.48,12.9,11.1,10.33,13.55,17.7,14.27,12.27,9.22,13.08,13.98,15.32,14.75,10.75,10.9,11.28,12.08,11.54,13.14,15.1,10.46,10.3,9.18,7.36,9.2,11.76,9.54,9.14,8.72,8.68,7.66,9.7,9.54,8.56,8.48,11.04,8.62,6.12,10.16,9.72,9.56,10.34,8.38,6.48,6.88,7.88,10.65,8.65,8.15,7.2,8.32,9.83,9.05,10.42,10.72,6.65,9.28,6.6,6.38,12.38,9.23,11.33,6.82,9.68,6.98,7.82,11.8,12.33,9.48,5.97,8.47,7.2,7.8,9,7.55,8.27,7.95,11.47,10.37,9,9.57,8.68,10.35,8.18,7.73,9.13,8.38,10.33,5.37,8.3,10.8,8.2,10.26,9.82,11.6,9.16,9.95,9.1,10.07,9.03,8.1,10.91
Saudi Arabia,5.33,5.83,7.8,5.75,,5.8,3.83,4.8,5,7,5.2,4.33,3.67,4,6,7.25,7.25,5.5,6.8,4.2,4.5,4.5,4.43,2.8,2.2,,,,,3.5,3.71,4.25,4.5,4.75,2.71,3.8,4.2,3.8,3,4.6,3.8,3.8,3.2,2.2,2,2.6,5.2,4.8,5,3.2,3,3.2,3,2.4,3.2,,3.4,3.2,4.25,4,,5.25,5,4.67,,5.33,6,4.75,4,3.5,3.5,3.4,4.6,4,,,2,2.75,3,3.25,2.2,2.2,,2.5,2,1.67,2.25,2.75,2,1.2,2,1.33,1.33,1.4,2,,2.5,2,2.33,2.5,2,2.67,,,2,2.5,1.5,1.5,2,1.67,,2,2,2.5,1.67,2,1.5,2,3,2,2.5,3.5,2.5,2.5,1.33,3,2.67,3,2.4,2.2,2,3,3.5,2,2.33,3.5,2.25,2.25,2.5,3.5,2.75,2.5,2.75,2.5,3.25,3.33,3.33,3.33,2.2,3,3.5,2.75,4,,3.47
Sweden,9.48,6.3,7.8,9.58,8.73,5.95,11.08,8.58,11.88,11.93,18.28,17.7,8.4,7.18,15.85,9.05,10.33,10.95,12.73,7.8,11.48,11.25,13.98,13.73,17.2,15.23,10.9,8.5,11.95,9.13,9.95,14.43,11.13,6.6,5,17.2,15.85,12.7,11.88,16.13,7.18,5.68,6.68,11.78,11.18,14.88,20.93,7.7,4.43,6.83,7.48,11.8,10.4,8.63,3.83,4.48,15.2,8.9,5.58,11.2,15.25,9.35,6.08,13.48,9.73,9,12.85,14.05,10.43,6.5,11.48,11,8.25,8.6,8.8,7.58,4.85,8.58,9.13,9.95,10.55,8.8,7.03,8.7,10.35,10.4,9.15,13.2,16.5,8.05,4.13,7,10.95,13.38,11.65,12.63,9.65,11.05,10.5,11.85,11.28,9.43,7,7.25,5.03,3.18,7.05,9.25,5.95,8.85,6.18,5.98,11,10.68,11.43,13.15,8.9,5.93,5.23,9.2,6.9,6.98,7.98,6.75,7.63,6.8,8.4,6.63,10.98,9.58,9.85,6.78,6.98,5.48,8.45,7.38,10.85,8.6,4.45,4.08,8.43,8,8.83,6.97,8.9,6.4,5.03,7.57,9.73,5.2,5.48,8.03,5.03,,9.47
Slovakia,13.3,10.1,10.1,16.3,11.5,9.65,5.95,15.6,16.5,19.5,14.2,14.9,16.05,15.35,13.05,11.25,14.65,16.95,15.6,14.2,12.85,13.55,18.75,14.25,18.8,13.8,13.05,10.75,13.3,18.35,16.25,16.95,14.9,13.3,8.05,12.65,11.45,5.55,11.9,10.35,13.05,15.15,12.6,11.7,14.65,14,13.95,10.55,9.45,15.35,14.45,13.95,9.65,12.15,11.05,6.45,8.7,11.7,13.55,9.65,10.35,9.2,11.5,13.05,17.65,8.5,14.25,15.8,9.9,5.55,17.65,11.7,10.3,9.9,13.3,5.55,4.2,8.25,13.75,10.8,14,14.25,4.15,2.35,4.65,5.75,8.3,8.25,8.05,8.95,5.95,5.1,8.5,9.4,11.25,13.1,7.1,5.1,8.5,11.7,10.8,11,5.3,6.4,4.4,5.55,5.05,8.5,13.75,12.6,6.9,5.5,5.5,7.4,6.7,9.65,11.45,6.45,4.6,10.35,7.6,7.1,6.45,5.05,4.6,2.55,8.3,9.2,7.1,5.75,7.35,6.2,5.3,8.75,4.15,7.8,5.5,6,5.55,6.65,13.5,14.2,6,6.9,9.4,6.65,3.05,6.9,3.9,4.35,5.75,4.6,3.9,,10.1
Thailand,8.69,7.94,5.74,7.21,9.97,11.4,10.91,12.32,11.47,11.48,12.52,13.38,8.4,7.35,8.98,8.95,8.78,8.2,9.25,9.35,7.15,9,9.35,8.52,7.07,6.78,5.53,5.63,7.05,8.67,9.27,12.7,10.81,10.49,8.13,7.3,6.06,6.47,6.14,7.37,7.87,8.1,7.63,9.41,6.07,4.59,4.41,5.14,5.91,6.89,7.86,9.41,12.47,10.9,8.3,8.11,12.29,8.93,7.61,7.79,6.63,6.47,5.47,5.56,4.41,5.23,4.9,4.93,5.26,4.67,5.97,6.81,6.54,5.5,5.83,5.89,6.3,8.2,5.24,4.67,4.9,4.59,4.07,4.16,5.15,4.83,3.91,3.84,3.84,4.17,3.91,4.26,4.26,4.26,4.09,3.84,4.01,3.59,3.29,3.77,4.1,4.19,4.51,4.59,3.36,6.39,5.9,6.13,4.5,4.36,4.26,3.27,3.86,3.6,4.24,4.41,5.33,6.21,6.3,6.63,5.59,5.64,5.14,3.2,3.19,2.69,3.91,4,3.19,3.37,3.36,2.93,2.69,4.6,5.97,3.87,4.17,3.86,3.43,3.27,4.24,3.69,3.51,3.6,4.41,4,4.16,5.33,5.09,4.76,5.24,4.74,4.07,2.37,6.05
Turkey,16.94,18.08,15.41,14.31,18.17,20.99,20.39,17.09,16.46,14.16,12.73,19.38,22.98,22.14,18.51,24.44,26.17,18.18,18.6,19.85,14.29,16.36,12.14,16.61,17.62,16.19,21.74,24.32,27.4,24.83,19.77,21.58,15.98,19.96,19.78,18.51,16.33,14.86,14.01,13.62,11.09,11.92,17.35,20.79,19.79,17.96,20.76,19.76,15.21,16.29,25.84,30.4,23.53,16.03,14.61,13.48,19.13,14.23,20.25,16.87,13.39,15.39,13.07,18.8,26.55,23.84,22.34,14.71,19.25,21.54,22.58,13.86,18.57,19.44,16.24,19.63,15.84,11.98,12.35,13.04,13.65,13.37,15.72,17.11,16.99,13.98,13.31,13.34,14.64,12.97,10.74,14.19,13.66,12.61,12.28,11.66,17.09,11.07,11.54,9.36,9.36,10.99,13.19,12.35,9.56,15.16,18.59,12.14,10.29,16.73,13.12,11.79,16.38,13.73,12.09,9.11,9.14,9.98,13.46,13.87,15.25,17.41,15.02,9.39,10.26,8.39,11.12,10.51,12.66,11.86,14.03,10.49,10.87,17.88,15.74,12.75,14.49,21.23,12.31,10.54,11.93,9.96,16.42,15.59,10.66,7.81,5.39,6.74,6.63,11.26,11.86,11.83,10.73,,15.61
Taiwan*,13.42,9.42,9.43,13.12,14.04,13.4,9.52,13.32,16.81,13.11,13.11,14.46,11.27,8.72,11.99,11.78,11.77,12.91,10.36,10.23,11.06,12.08,14.37,17.94,15.28,8.13,6.69,5.99,6.01,7.08,6.44,7.81,10.66,11.37,9.82,11.07,11.79,8.74,9.2,8.7,7.46,7.48,10.86,17.02,17.14,13.42,12.59,11.48,6.94,8.4,9.54,11.89,12.3,12.08,10.02,7.78,11.49,14.16,11.48,9.63,11.06,12.3,8.79,8.27,9.2,10.12,9.63,12.82,12.39,8.89,9.63,9.53,10.76,16.81,12.6,8.91,7.98,10.37,11.78,15.89,15.18,13.23,11.28,7.87,9.2,10.53,11.06,10.64,9.71,7.37,6.61,11.9,12.82,10.04,11.07,8.69,7.41,6.86,12.06,10.11,11.52,10.51,9.46,10.53,6.17,8.68,10.37,10.91,12.06,10.24,9.58,8.58,8.24,8.87,7.67,8.93,10.5,11.27,9.39,10.99,8.76,8.08,10.04,10.21,9.01,5.87,6.2,7.56,6.67,8.03,7.8,6.02,4.99,6.17,8.71,8.29,7.41,8.49,7.9,5.08,6.9,10.03,10.3,8.93,8.28,7.79,6.28,6.83,7.41,7.52,9.89,10.11,6.31,6.49,10.04
US,9.01,10.12,7.18,13.03,14.48,11.44,7.17,13.12,14.53,10.75,9.84,11.88,8.23,6.99,12.5,13.05,13.82,9.18,7.9,9.8,8.35,11.77,12.66,16.26,18.95,17.28,9.57,10.64,10.94,9.48,9.75,12.78,15.91,13.76,8.29,10.39,13.76,12.36,13.05,11.31,8.82,7.53,10.73,12.31,10.99,12.39,9.67,9.67,9.91,11.35,11.26,10.24,10.86,11.38,12.37,8.92,13.08,12.15,10.47,10.64,10.79,7.33,5.92,11.47,10.89,8.65,8.54,8.94,5.58,6.66,10.72,8.63,8.84,9.84,6.05,4.54,4.13,6.71,8.29,7.98,8.34,8.05,5.33,4.79,6.44,5.98,7.06,6.99,6.92,5.71,3.89,6.54,6.32,5.09,5.19,5.5,4.9,5.45,6.49,6.97,6.43,5.14,4.22,4.57,4.05,4.1,5.41,6.04,5.88,6.58,5.4,4.82,5.96,5.29,5.27,6.13,6.95,6.08,4.22,5.52,6.18,5.74,5.07,5.81,4.04,3.86,4.87,5.04,6.58,5.7,5.81,3.63,3.77,5,5.02,5.06,7.03,5.82,3.93,3.07,4.84,4.61,4.39,5.39,5.3,4.12,3.69,4.24,6.54,6.27,5.72,4.81,3.96,,8.02
Vietnam,17.07,16.47,15.97,14,15.33,13.33,12,11.5,12,14.33,12.27,10.07,9,11,13.33,15.33,14,15.53,12.33,14.47,11.8,14.6,15.47,13.43,12,9.57,8.4,11,11.33,11.83,10.2,14,18,18.67,15.33,14,10.67,11.33,12.4,11.67,16,13.5,16.5,17.5,17,13.77,12.03,12,10.4,15,19.33,22.87,19.03,18.03,17.33,17.33,15.03,13.6,14,15.75,13,11.4,11.53,14.43,10.33,9.5,9.45,14.3,13.33,10.25,14,13.25,19.35,13.95,11.33,13.07,18,19,14.05,12,8.53,14.25,10.5,8.15,8.73,8.05,7.65,8.33,9,9.33,8,8.6,9,9.55,10.75,12,7.75,6,8.25,10,11.85,13,14.35,12,8.5,9.75,10.75,11.9,11.18,9.23,8.35,6.75,6.73,6.7,10.93,7.98,7.73,8.25,9,9.77,12.6,11.67,9.67,8.23,7.77,9.07,9.53,8.4,8.33,8.4,9.07,9,9.27,8.4,10.57,9.93,9.6,9,8.63,12.5,16.5,14.5,13,11.93,14,11.87,11.33,9.33,11,12.33,11.83,9.5,10,,11.83
Kosovo,11.9,18.6,16.7,16.1,24.9,22.2,9,14.1,11.8,19.6,21.2,29.3,22.2,12.9,14.6,14.6,22.8,19.7,24.1,19.5,12.3,12.7,11.6,24.4,21.2,21.8,25.2,19.5,15.5,17.3,16,14.4,18.9,21.1,15.3,17.1,12.8,10.5,8.6,13,15.7,18.9,20.2,12.9,14.4,17.6,17.3,12.4,14.3,17.8,18.9,17.3,11.6,15.2,13.4,17.3,17.1,16.9,9,10.6,17,10.9,8.2,9.4,16.5,12.7,10.2,17.1,15.2,9,10.9,15.2,22.3,16.7,12.6,7.4,4.3,6.1,11.9,10.1,10.5,14.3,10.1,4,5.3,4.7,4.9,4.9,3.9,5,5.1,5.3,4.9,3.9,5.6,7.8,6.1,3.9,5,3.6,5.7,6.7,7.2,5.2,4.7,3.5,5.8,3.3,5.6,8.1,6.1,4.3,3.7,5.3,4.8,5.1,6.9,4.2,4.8,6.5,4.6,4.6,8,5,5.4,2.7,6.5,7.3,7.5,8,8,7.3,5.8,8,6,6.9,8.7,5.7,6.8,5.4,11.4,9.4,6.2,6.5,9,10.6,5.6,5,7.4,7.1,7.8,10.2,7.9,,11.15
South Africa,3.25,3.77,2.68,3.06,3.18,3.31,3.24,4.25,3.65,3.56,3.93,3.98,3.12,3.25,3.76,3.51,3.49,3.6,3.83,3.26,3.07,3.65,4.01,3.94,3.85,4.25,3.55,3.24,4.49,4,4.35,5.11,3.75,4.39,3.75,4.37,4.91,5.13,4.61,5.21,4.22,3.38,3.79,4.78,4.39,4.75,5.76,4.42,3.86,4.72,4.33,5.01,3.94,4.71,3.57,2.88,4.78,5.29,4.82,4.85,4.58,4.24,4.01,4.9,6.5,5.02,4.83,4.95,4.22,3.3,4.66,4.32,5.31,4.71,4.98,4.62,3.9,4.14,4.04,3.9,4.7,4.59,4.39,3.43,5.2,5.51,5.21,3.96,3.02,1.92,1.93,2.84,2.59,2.74,2.86,2.87,2.39,2.55,2.76,2.73,2.6,1.91,1.92,2.45,2.69,2.54,3.03,2.68,3.23,3.3,2.8,2.73,3.45,3.44,3.61,3.38,3.42,2.88,2.09,2.33,2.93,3.11,3.79,4.56,3.8,4.18,4.64,4.51,5.28,5.07,5.12,4.04,4.05,6.48,5.82,4.77,4.29,5.06,4.94,4.15,6.11,6.15,6.54,5.16,5.93,6.5,5.09,6.29,4.34,4.95,5.73,7.43,5.33,,4.09
World Average,12.8,12.02,11.05,13.17,13.94,12.74,11.26,13.5,14.2,12.98,13.19,14.16,12.8,11.56,13.32,13.6,13.92,13.76,13.53,12.97,10.95,12.96,13.58,15.64,15.16,13.84,12.2,11.3,12.15,11.13,11.14,11.64,11.61,10.66,9.24,10.57,10.55,10.4,11.78,12.61,10.47,8.9,10.29,10.88,11.49,11.92,12.15,10.62,8.75,9.87,10.82,11.99,11.74,10.98,9.82,8.88,11.25,11.51,9.99,9.85,11,9.17,7.83,9.8,11.57,11.01,10.69,10.4,9.87,9.02,10.86,9.72,10.21,10.22,9.46,8.17,7.26,9.52,10.65,11.04,10.31,9.44,7.78,6.51,7.77,8.15,8.43,8.68,8.16,7.2,5.65,7.6,7.93,7.72,8.01,8.45,7.54,6.28,8.09,8.72,9,8.49,7.15,6.99,6.32,6.62,8.13,8.62,8.61,8.41,7.38,5.99,6.75,6.84,7.03,7.55,8.25,6.87,6.77,8.11,8.12,7.71,7.56,6.45,6.31,5.76,6.82,6.87,7.16,7.6,7.74,7.02,5.78,6.86,7.23,7.83,7.91,7.98,6.92,6.45,7.91,7.95,7.95,7.62,7.62,6.44,5.39,6.84,7.48,7.79,7.86,7.4,6.55,8.37,9.5
